out_host,key,target_host,time
H8,K9,K4,8
H7,K9,K6,10
H6,K1,K8,8
H6,K2,H4,8
H8,K4,K5,7
H9,K9,H6,8
H10,K4,K3,6
H4,K4,H6,6
H8,K9,H10,6
H4,K4,K4,10
H10,K2,H6,9
H1,K5,K6,4
H9,K0,K1,3
H5,K9,K6,5
H6,K0,K3,5
H9,K1,H2,3
H8,K4,H5,10
H2,K2,K4,2
H4,K2,H6,5
H3,K4,H6,10
H4,K5,H5,1
H4,K4,K8,6
H10,K0,K5,3
H2,K1,K1,1
H3,K5,K7,5
H7,K3,K7,3
H8,K0,K8,9
H4,K7,H1,3
H4,K9,H3,1
H6,K2,H3,6
H8,K9,H10,2
H5,K8,K6,3
H9,K3,K5,9
H8,K7,K2,3
H2,K0,K7,4
H10,K0,K5,10
H7,K4,K3,4
H9,K7,K7,9
H7,K4,K7,4
H4,K6,K3,6
H3,K3,H7,9
H2,K4,K4,1
H9,K6,K2,4
H6,K9,K3,6
H6,K9,K9,9
H9,K6,K4,10
H4,K5,K1,4
H1,K5,H10,4
H3,K5,K1,10
H10,K7,K7,5
H7,K7,H9,6
H7,K0,K7,5
H3,K9,K2,5
H8,K5,H7,4
H5,K9,H3,7
H5,K9,K5,10
H5,K8,H6,5
H5,K2,H4,7
H3,K6,H1,4
H5,K9,H4,5
H10,K2,H1,4
H8,K8,K8,2
H5,K0,H10,3
H7,K6,K6,6
H7,K6,H9,2
H6,K5,H2,5
H8,K6,H6,3
H8,K7,H2,4
H9,K5,H5,10
H8,K8,H4,4
H5,K3,K3,6
H4,K0,K9,9
H8,K9,K5,2
H10,K3,K9,4
H8,K0,K9,3
H7,K9,K9,4
H7,K2,H2,4
H7,K0,H9,1
H4,K0,H6,3
H3,K8,K5,4
H2,K3,K6,3
H2,K1,H9,1
H3,K6,H10,8
H2,K9,H10,7
H10,K0,H5,5
H1,K2,H9,2
H2,K0,H10,9
H4,K6,K1,4
H10,K6,K1,3
H2,K1,K7,4
H9,K6,H10,6
H3,K1,K5,6
H6,K0,H3,3
H9,K0,H7,7
H7,K1,H9,9
H9,K4,H3,10
H2,K9,K4,7
H6,K3,K7,4
H8,K9,H1,10
H7,K4,K7,6
